{"cameraMode":{"drawMode":0,"name":"Shaded","section":"Shading Mode"},"sceneLighting":true,"audioPlay":false,"sceneViewState":{"showFog":true,"showMaterialUpdate":false,"showSkybox":true,"showFlares":true,"showImageEffects":true,"showParticleSystems":true},"in2DMode":false,"pivot":{"x":228.7782440185547,"y":16.91548728942871,"z":451.43060302734377},"rotation":{"x":0.012155478820204735,"y":0.9874803423881531,"z":-0.12389107793569565,"w":0.09688569605350495},"size":6.415590763092041,"orthographic":false}