{"cameraMode":{"drawMode":0,"name":"Shaded","section":"Shading Mode"},"sceneLighting":false,"audioPlay":false,"sceneViewState":{"showFog":true,"showMaterialUpdate":false,"showSkybox":true,"showFlares":true,"showImageEffects":true,"showParticleSystems":true},"in2DMode":false,"pivot":{"x":708.494384765625,"y":35.039527893066409,"z":895.823974609375},"rotation":{"x":-0.009577441029250622,"y":0.9840360283851624,"z":-0.16872373223304749,"w":-0.05585330352187157},"size":407.29388427734377,"orthographic":false}