{"cameraMode":{"drawMode":0,"name":"Shaded","section":"Shading Mode"},"sceneLighting":true,"audioPlay":false,"sceneViewState":{"showFog":true,"showMaterialUpdate":false,"showSkybox":true,"showFlares":true,"showImageEffects":true,"showParticleSystems":true},"in2DMode":false,"pivot":{"x":226.2909393310547,"y":16.279611587524415,"z":453.8631591796875},"rotation":{"x":0.18929427862167359,"y":-0.5519381165504456,"z":0.13033747673034669,"w":0.8015953302383423},"size":2.8133468627929689,"orthographic":false}