{"cameraMode":{"drawMode":0,"name":"Shaded","section":"Shading Mode"},"sceneLighting":false,"audioPlay":false,"sceneViewState":{"showFog":true,"showMaterialUpdate":false,"showSkybox":false,"showFlares":true,"showImageEffects":true,"showParticleSystems":true},"in2DMode":false,"pivot":{"x":229.99127197265626,"y":10.058650016784668,"z":445.6329345703125},"rotation":{"x":-0.05322638526558876,"y":-0.9459822773933411,"z":0.20642024278640748,"w":-0.244490846991539},"size":23.967666625976564,"orthographic":false}