{"cameraMode":{"drawMode":0,"name":"Shaded","section":"Shading Mode"},"sceneLighting":true,"audioPlay":false,"sceneViewState":{"showFog":true,"showMaterialUpdate":false,"showSkybox":true,"showFlares":true,"showImageEffects":true,"showParticleSystems":true},"in2DMode":false,"pivot":{"x":205.5070343017578,"y":23.05312728881836,"z":403.6545715332031},"rotation":{"x":-0.0001874128356575966,"y":0.988044798374176,"z":-0.15419256687164308,"w":-0.0011853327741846443},"size":411.87158203125,"orthographic":false}