{"cameraMode":{"drawMode":0,"name":"Shaded","section":"Shading Mode"},"sceneLighting":false,"audioPlay":false,"sceneViewState":{"showFog":true,"showMaterialUpdate":false,"showSkybox":false,"showFlares":true,"showImageEffects":true,"showParticleSystems":true},"in2DMode":false,"pivot":{"x":223.16737365722657,"y":16.53556251525879,"z":458.9836730957031},"rotation":{"x":0.44167253375053408,"y":-0.4065566956996918,"z":0.23479484021663667,"w":0.7645862102508545},"size":10.957182884216309,"orthographic":false}