{"cameraMode":{"drawMode":0,"name":"Shaded","section":"Shading Mode"},"sceneLighting":false,"audioPlay":false,"sceneViewState":{"showFog":true,"showMaterialUpdate":false,"showSkybox":false,"showFlares":true,"showImageEffects":true,"showParticleSystems":true},"in2DMode":false,"pivot":{"x":220.48095703125,"y":14.57819938659668,"z":446.9534606933594},"rotation":{"x":0.00231678388081491,"y":-0.9972797632217407,"z":0.033224526792764667,"w":0.06652085483074188},"size":16.284725189208986,"orthographic":false}