{"cameraMode":{"drawMode":0,"name":"Shaded","section":"Shading Mode"},"sceneLighting":false,"audioPlay":false,"sceneViewState":{"showFog":true,"showMaterialUpdate":false,"showSkybox":false,"showFlares":true,"showImageEffects":true,"showParticleSystems":true},"in2DMode":false,"pivot":{"x":211.4520721435547,"y":15.513933181762696,"z":449.9208068847656},"rotation":{"x":0.00022137144696898758,"y":-0.9110406637191773,"z":0.00023955201322678477,"w":0.4124390184879303},"size":17.89179801940918,"orthographic":false}