{"cameraMode":{"drawMode":0,"name":"Shaded","section":"Shading Mode"},"sceneLighting":true,"audioPlay":false,"sceneViewState":{"showFog":true,"showMaterialUpdate":false,"showSkybox":true,"showFlares":true,"showImageEffects":true,"showParticleSystems":true},"in2DMode":false,"pivot":{"x":229.63035583496095,"y":17.24664878845215,"z":452.8710632324219},"rotation":{"x":0.05818616598844528,"y":0.7951755523681641,"z":-0.07729356735944748,"w":0.5986148118972778},"size":3.113346815109253,"orthographic":false}