{"cameraMode":{"drawMode":0,"name":"Shaded","section":"Shading Mode"},"sceneLighting":false,"audioPlay":false,"sceneViewState":{"showFog":true,"showMaterialUpdate":false,"showSkybox":false,"showFlares":true,"showImageEffects":true,"showParticleSystems":true},"in2DMode":false,"pivot":{"x":224.83070373535157,"y":16.029619216918947,"z":453.0749206542969},"rotation":{"x":-0.012071396224200726,"y":-0.9850813150405884,"z":0.0788097083568573,"w":-0.15281687676906587},"size":8.387456893920899,"orthographic":false}