{"cameraMode":{"drawMode":0,"name":"Shaded","section":"Shading Mode"},"sceneLighting":true,"audioPlay":false,"sceneViewState":{"showFog":true,"showMaterialUpdate":false,"showSkybox":true,"showFlares":true,"showImageEffects":true,"showParticleSystems":true},"in2DMode":false,"pivot":{"x":228.29039001464845,"y":17.37764549255371,"z":453.36212158203127},"rotation":{"x":0.09547785669565201,"y":-0.3456888794898987,"z":0.03538309410214424,"w":0.9328089356422424},"size":1.0285204648971558,"orthographic":false}