{"cameraMode":{"drawMode":0,"name":"Shaded","section":"Shading Mode"},"sceneLighting":false,"audioPlay":false,"sceneViewState":{"showFog":true,"showMaterialUpdate":false,"showSkybox":false,"showFlares":true,"showImageEffects":true,"showParticleSystems":true},"in2DMode":false,"pivot":{"x":219.39134216308595,"y":12.012347221374512,"z":456.4140930175781},"rotation":{"x":0.11262840032577515,"y":-0.8558295369148254,"z":0.209679514169693,"w":0.4593415856361389},"size":5.9882588386535648,"orthographic":false}